Email,Password,Role,Grade,Organization
tutorgrade2@tc,chicagograde2,tutor,,Tutoring Chicago
tutorgrade3@tc,chicagograde3,tutor,,Tutoring Chicago
math1@tc,chicago,student,2,Tutoring Chicago
math2@tc,chicago,student,2,Tutoring Chicago
math3@tc,chicago,student,2,Tutoring Chicago
math4@tc,chicago,student,2,Tutoring Chicago
math5@tc,chicago,student,2,Tutoring Chicago
math6@tc,chicago,student,2,Tutoring Chicago
math7@tc,chicago,student,2,Tutoring Chicago
math8@tc,chicago,student,2,Tutoring Chicago
math9@tc,chicago,student,2,Tutoring Chicago
math10@tc,chicago,student,2,Tutoring Chicago
math11@tc,chicago,student,2,Tutoring Chicago
math12@tc,chicago,student,2,Tutoring Chicago
math13@tc,chicago,student,2,Tutoring Chicago
math14@tc,chicago,student,2,Tutoring Chicago
math15@tc,chicago,student,2,Tutoring Chicago
math16@tc,chicago,student,2,Tutoring Chicago
math17@tc,chicago,student,2,Tutoring Chicago
math18@tc,chicago,student,2,Tutoring Chicago
math19@tc,chicago,student,2,Tutoring Chicago
math20@tc,chicago,student,2,Tutoring Chicago
math21@tc,chicago,student,2,Tutoring Chicago
math22@tc,chicago,student,2,Tutoring Chicago
math23@tc,chicago,student,2,Tutoring Chicago
math24@tc,chicago,student,2,Tutoring Chicago
math25@tc,chicago,student,2,Tutoring Chicago
math26@tc,chicago,student,2,Tutoring Chicago
math27@tc,chicago,student,2,Tutoring Chicago
math28@tc,chicago,student,2,Tutoring Chicago
math29@tc,chicago,student,2,Tutoring Chicago
math30@tc,chicago,student,2,Tutoring Chicago
math31@tc,chicago,student,2,Tutoring Chicago
math32@tc,chicago,student,2,Tutoring Chicago
math33@tc,chicago,student,2,Tutoring Chicago
math34@tc,chicago,student,2,Tutoring Chicago
math35@tc,chicago,student,2,Tutoring Chicago
math36@tc,chicago,student,2,Tutoring Chicago
math37@tc,chicago,student,2,Tutoring Chicago
math38@tc,chicago,student,2,Tutoring Chicago
math39@tc,chicago,student,2,Tutoring Chicago
math40@tc,chicago,student,2,Tutoring Chicago
math41@tc,chicago,student,2,Tutoring Chicago
math42@tc,chicago,student,2,Tutoring Chicago
math43@tc,chicago,student,2,Tutoring Chicago
math44@tc,chicago,student,2,Tutoring Chicago
math45@tc,chicago,student,2,Tutoring Chicago
math46@tc,chicago,student,2,Tutoring Chicago
math47@tc,chicago,student,2,Tutoring Chicago
math48@tc,chicago,student,2,Tutoring Chicago
math49@tc,chicago,student,2,Tutoring Chicago
math50@tc,chicago,student,2,Tutoring Chicago
math51@tc,chicago,student,2,Tutoring Chicago
math52@tc,chicago,student,2,Tutoring Chicago
math53@tc,chicago,student,2,Tutoring Chicago
math54@tc,chicago,student,2,Tutoring Chicago
math55@tc,chicago,student,2,Tutoring Chicago
math56@tc,chicago,student,2,Tutoring Chicago
math57@tc,chicago,student,2,Tutoring Chicago
math58@tc,chicago,student,2,Tutoring Chicago
math59@tc,chicago,student,2,Tutoring Chicago
math60@tc,chicago,student,2,Tutoring Chicago
math61@tc,chicago,student,2,Tutoring Chicago
math62@tc,chicago,student,2,Tutoring Chicago
math63@tc,chicago,student,2,Tutoring Chicago
math64@tc,chicago,student,2,Tutoring Chicago
math65@tc,chicago,student,2,Tutoring Chicago
math66@tc,chicago,student,2,Tutoring Chicago
math67@tc,chicago,student,2,Tutoring Chicago
math68@tc,chicago,student,2,Tutoring Chicago
math69@tc,chicago,student,2,Tutoring Chicago
math70@tc,chicago,student,2,Tutoring Chicago
math71@tc,chicago,student,2,Tutoring Chicago
math72@tc,chicago,student,2,Tutoring Chicago
math73@tc,chicago,student,2,Tutoring Chicago
math74@tc,chicago,student,2,Tutoring Chicago
math75@tc,chicago,student,2,Tutoring Chicago
math76@tc,chicago,student,2,Tutoring Chicago
math77@tc,chicago,student,2,Tutoring Chicago
math78@tc,chicago,student,2,Tutoring Chicago
math79@tc,chicago,student,2,Tutoring Chicago
math80@tc,chicago,student,2,Tutoring Chicago
math81@tc,chicago,student,2,Tutoring Chicago
math82@tc,chicago,student,2,Tutoring Chicago
math83@tc,chicago,student,2,Tutoring Chicago
math84@tc,chicago,student,2,Tutoring Chicago
math85@tc,chicago,student,2,Tutoring Chicago
math86@tc,chicago,student,2,Tutoring Chicago
math87@tc,chicago,student,2,Tutoring Chicago
math88@tc,chicago,student,2,Tutoring Chicago
math89@tc,chicago,student,2,Tutoring Chicago
math90@tc,chicago,student,2,Tutoring Chicago
math91@tc,chicago,student,2,Tutoring Chicago
math92@tc,chicago,student,2,Tutoring Chicago
math93@tc,chicago,student,2,Tutoring Chicago
math94@tc,chicago,student,2,Tutoring Chicago
math95@tc,chicago,student,2,Tutoring Chicago
math96@tc,chicago,student,2,Tutoring Chicago
math97@tc,chicago,student,2,Tutoring Chicago
math98@tc,chicago,student,2,Tutoring Chicago
math99@tc,chicago,student,2,Tutoring Chicago
red1@tc,chicago,student,2,Tutoring Chicago
red2@tc,chicago,student,2,Tutoring Chicago
red3@tc,chicago,student,2,Tutoring Chicago
red4@tc,chicago,student,2,Tutoring Chicago
red5@tc,chicago,student,2,Tutoring Chicago
red6@tc,chicago,student,2,Tutoring Chicago
red7@tc,chicago,student,2,Tutoring Chicago
red8@tc,chicago,student,2,Tutoring Chicago
red9@tc,chicago,student,2,Tutoring Chicago
red10@tc,chicago,student,2,Tutoring Chicago
red11@tc,chicago,student,2,Tutoring Chicago
red12@tc,chicago,student,2,Tutoring Chicago
red13@tc,chicago,student,2,Tutoring Chicago
red14@tc,chicago,student,2,Tutoring Chicago
red15@tc,chicago,student,2,Tutoring Chicago
red16@tc,chicago,student,2,Tutoring Chicago
red17@tc,chicago,student,2,Tutoring Chicago
red18@tc,chicago,student,2,Tutoring Chicago
red19@tc,chicago,student,2,Tutoring Chicago
red20@tc,chicago,student,2,Tutoring Chicago
red21@tc,chicago,student,2,Tutoring Chicago
red22@tc,chicago,student,2,Tutoring Chicago
red23@tc,chicago,student,2,Tutoring Chicago
red24@tc,chicago,student,2,Tutoring Chicago
red25@tc,chicago,student,2,Tutoring Chicago
red26@tc,chicago,student,2,Tutoring Chicago
red27@tc,chicago,student,2,Tutoring Chicago
red28@tc,chicago,student,2,Tutoring Chicago
red29@tc,chicago,student,2,Tutoring Chicago
red30@tc,chicago,student,2,Tutoring Chicago
red31@tc,chicago,student,2,Tutoring Chicago
red32@tc,chicago,student,2,Tutoring Chicago
red33@tc,chicago,student,2,Tutoring Chicago
red34@tc,chicago,student,2,Tutoring Chicago
red35@tc,chicago,student,2,Tutoring Chicago
red36@tc,chicago,student,2,Tutoring Chicago
red37@tc,chicago,student,2,Tutoring Chicago
red38@tc,chicago,student,2,Tutoring Chicago
red39@tc,chicago,student,2,Tutoring Chicago
red40@tc,chicago,student,2,Tutoring Chicago
red41@tc,chicago,student,2,Tutoring Chicago
red42@tc,chicago,student,2,Tutoring Chicago
red43@tc,chicago,student,2,Tutoring Chicago
red44@tc,chicago,student,2,Tutoring Chicago
red45@tc,chicago,student,2,Tutoring Chicago
red46@tc,chicago,student,2,Tutoring Chicago
red47@tc,chicago,student,2,Tutoring Chicago
red48@tc,chicago,student,2,Tutoring Chicago
red49@tc,chicago,student,2,Tutoring Chicago
red50@tc,chicago,student,2,Tutoring Chicago
red51@tc,chicago,student,2,Tutoring Chicago
red52@tc,chicago,student,2,Tutoring Chicago
red53@tc,chicago,student,2,Tutoring Chicago
red54@tc,chicago,student,2,Tutoring Chicago
red55@tc,chicago,student,2,Tutoring Chicago
red56@tc,chicago,student,2,Tutoring Chicago
red57@tc,chicago,student,2,Tutoring Chicago
red58@tc,chicago,student,2,Tutoring Chicago
red59@tc,chicago,student,2,Tutoring Chicago
red60@tc,chicago,student,2,Tutoring Chicago
red61@tc,chicago,student,2,Tutoring Chicago
red62@tc,chicago,student,2,Tutoring Chicago
red63@tc,chicago,student,2,Tutoring Chicago
red64@tc,chicago,student,2,Tutoring Chicago
red65@tc,chicago,student,2,Tutoring Chicago
red66@tc,chicago,student,2,Tutoring Chicago
red67@tc,chicago,student,2,Tutoring Chicago
red68@tc,chicago,student,2,Tutoring Chicago
red69@tc,chicago,student,2,Tutoring Chicago
red70@tc,chicago,student,2,Tutoring Chicago
red71@tc,chicago,student,2,Tutoring Chicago
red72@tc,chicago,student,2,Tutoring Chicago
red73@tc,chicago,student,2,Tutoring Chicago
red74@tc,chicago,student,2,Tutoring Chicago
red75@tc,chicago,student,2,Tutoring Chicago
red76@tc,chicago,student,2,Tutoring Chicago
red77@tc,chicago,student,2,Tutoring Chicago
red78@tc,chicago,student,2,Tutoring Chicago
red79@tc,chicago,student,2,Tutoring Chicago
red80@tc,chicago,student,2,Tutoring Chicago
red81@tc,chicago,student,2,Tutoring Chicago
red82@tc,chicago,student,2,Tutoring Chicago
red83@tc,chicago,student,2,Tutoring Chicago
red84@tc,chicago,student,2,Tutoring Chicago
red85@tc,chicago,student,2,Tutoring Chicago
red86@tc,chicago,student,2,Tutoring Chicago
red87@tc,chicago,student,2,Tutoring Chicago
red88@tc,chicago,student,2,Tutoring Chicago
red89@tc,chicago,student,2,Tutoring Chicago
red90@tc,chicago,student,2,Tutoring Chicago
red91@tc,chicago,student,2,Tutoring Chicago
red92@tc,chicago,student,2,Tutoring Chicago
red93@tc,chicago,student,2,Tutoring Chicago
red94@tc,chicago,student,2,Tutoring Chicago
red95@tc,chicago,student,2,Tutoring Chicago
red96@tc,chicago,student,2,Tutoring Chicago
red97@tc,chicago,student,2,Tutoring Chicago
red98@tc,chicago,student,2,Tutoring Chicago
red99@tc,chicago,student,2,Tutoring Chicago
play1@tc,chicago,student,3,Tutoring Chicago
play2@tc,chicago,student,3,Tutoring Chicago
play3@tc,chicago,student,3,Tutoring Chicago
play4@tc,chicago,student,3,Tutoring Chicago
play5@tc,chicago,student,3,Tutoring Chicago
play6@tc,chicago,student,3,Tutoring Chicago
play7@tc,chicago,student,3,Tutoring Chicago
play8@tc,chicago,student,3,Tutoring Chicago
play9@tc,chicago,student,3,Tutoring Chicago
play10@tc,chicago,student,3,Tutoring Chicago
play11@tc,chicago,student,3,Tutoring Chicago
play12@tc,chicago,student,3,Tutoring Chicago
play13@tc,chicago,student,3,Tutoring Chicago
play14@tc,chicago,student,3,Tutoring Chicago
play15@tc,chicago,student,3,Tutoring Chicago
play16@tc,chicago,student,3,Tutoring Chicago
play17@tc,chicago,student,3,Tutoring Chicago
play18@tc,chicago,student,3,Tutoring Chicago
play19@tc,chicago,student,3,Tutoring Chicago
play20@tc,chicago,student,3,Tutoring Chicago
play21@tc,chicago,student,3,Tutoring Chicago
play22@tc,chicago,student,3,Tutoring Chicago
play23@tc,chicago,student,3,Tutoring Chicago
play24@tc,chicago,student,3,Tutoring Chicago
play25@tc,chicago,student,3,Tutoring Chicago
play26@tc,chicago,student,3,Tutoring Chicago
play27@tc,chicago,student,3,Tutoring Chicago
play28@tc,chicago,student,3,Tutoring Chicago
play29@tc,chicago,student,3,Tutoring Chicago
play30@tc,chicago,student,3,Tutoring Chicago
play31@tc,chicago,student,3,Tutoring Chicago
play32@tc,chicago,student,3,Tutoring Chicago
play33@tc,chicago,student,3,Tutoring Chicago
play34@tc,chicago,student,3,Tutoring Chicago
play35@tc,chicago,student,3,Tutoring Chicago
play36@tc,chicago,student,3,Tutoring Chicago
play37@tc,chicago,student,3,Tutoring Chicago
play38@tc,chicago,student,3,Tutoring Chicago
play39@tc,chicago,student,3,Tutoring Chicago
play40@tc,chicago,student,3,Tutoring Chicago
play41@tc,chicago,student,3,Tutoring Chicago
play42@tc,chicago,student,3,Tutoring Chicago
play43@tc,chicago,student,3,Tutoring Chicago
play44@tc,chicago,student,3,Tutoring Chicago
play45@tc,chicago,student,3,Tutoring Chicago
play46@tc,chicago,student,3,Tutoring Chicago
play47@tc,chicago,student,3,Tutoring Chicago
play48@tc,chicago,student,3,Tutoring Chicago
play49@tc,chicago,student,3,Tutoring Chicago
play50@tc,chicago,student,3,Tutoring Chicago
play51@tc,chicago,student,3,Tutoring Chicago
play52@tc,chicago,student,3,Tutoring Chicago
play53@tc,chicago,student,3,Tutoring Chicago
play54@tc,chicago,student,3,Tutoring Chicago
play55@tc,chicago,student,3,Tutoring Chicago
play56@tc,chicago,student,3,Tutoring Chicago
play57@tc,chicago,student,3,Tutoring Chicago
play58@tc,chicago,student,3,Tutoring Chicago
play59@tc,chicago,student,3,Tutoring Chicago
play60@tc,chicago,student,3,Tutoring Chicago
play61@tc,chicago,student,3,Tutoring Chicago
play62@tc,chicago,student,3,Tutoring Chicago
play63@tc,chicago,student,3,Tutoring Chicago
play64@tc,chicago,student,3,Tutoring Chicago
play65@tc,chicago,student,3,Tutoring Chicago
play66@tc,chicago,student,3,Tutoring Chicago
play67@tc,chicago,student,3,Tutoring Chicago
play68@tc,chicago,student,3,Tutoring Chicago
play69@tc,chicago,student,3,Tutoring Chicago
play70@tc,chicago,student,3,Tutoring Chicago
play71@tc,chicago,student,3,Tutoring Chicago
play72@tc,chicago,student,3,Tutoring Chicago
play73@tc,chicago,student,3,Tutoring Chicago
play74@tc,chicago,student,3,Tutoring Chicago
play75@tc,chicago,student,3,Tutoring Chicago
play76@tc,chicago,student,3,Tutoring Chicago
play77@tc,chicago,student,3,Tutoring Chicago
play78@tc,chicago,student,3,Tutoring Chicago
play79@tc,chicago,student,3,Tutoring Chicago
play80@tc,chicago,student,3,Tutoring Chicago
play81@tc,chicago,student,3,Tutoring Chicago
play82@tc,chicago,student,3,Tutoring Chicago
play83@tc,chicago,student,3,Tutoring Chicago
play84@tc,chicago,student,3,Tutoring Chicago
play85@tc,chicago,student,3,Tutoring Chicago
play86@tc,chicago,student,3,Tutoring Chicago
play87@tc,chicago,student,3,Tutoring Chicago
play88@tc,chicago,student,3,Tutoring Chicago
play89@tc,chicago,student,3,Tutoring Chicago
play90@tc,chicago,student,3,Tutoring Chicago
play91@tc,chicago,student,3,Tutoring Chicago
play92@tc,chicago,student,3,Tutoring Chicago
play93@tc,chicago,student,3,Tutoring Chicago
play94@tc,chicago,student,3,Tutoring Chicago
play95@tc,chicago,student,3,Tutoring Chicago
play96@tc,chicago,student,3,Tutoring Chicago
play97@tc,chicago,student,3,Tutoring Chicago
play98@tc,chicago,student,3,Tutoring Chicago
play99@tc,chicago,student,3,Tutoring Chicago
fun1@tc,chicago,student,3,Tutoring Chicago
fun2@tc,chicago,student,3,Tutoring Chicago
fun3@tc,chicago,student,3,Tutoring Chicago
fun4@tc,chicago,student,3,Tutoring Chicago
fun5@tc,chicago,student,3,Tutoring Chicago
fun6@tc,chicago,student,3,Tutoring Chicago
fun7@tc,chicago,student,3,Tutoring Chicago
fun8@tc,chicago,student,3,Tutoring Chicago
fun9@tc,chicago,student,3,Tutoring Chicago
fun10@tc,chicago,student,3,Tutoring Chicago
fun11@tc,chicago,student,3,Tutoring Chicago
fun12@tc,chicago,student,3,Tutoring Chicago
fun13@tc,chicago,student,3,Tutoring Chicago
fun14@tc,chicago,student,3,Tutoring Chicago
fun15@tc,chicago,student,3,Tutoring Chicago
fun16@tc,chicago,student,3,Tutoring Chicago
fun17@tc,chicago,student,3,Tutoring Chicago
fun18@tc,chicago,student,3,Tutoring Chicago
fun19@tc,chicago,student,3,Tutoring Chicago
fun20@tc,chicago,student,3,Tutoring Chicago
fun21@tc,chicago,student,3,Tutoring Chicago
fun22@tc,chicago,student,3,Tutoring Chicago
fun23@tc,chicago,student,3,Tutoring Chicago
fun24@tc,chicago,student,3,Tutoring Chicago
fun25@tc,chicago,student,3,Tutoring Chicago
fun26@tc,chicago,student,3,Tutoring Chicago
fun27@tc,chicago,student,3,Tutoring Chicago
fun28@tc,chicago,student,3,Tutoring Chicago
fun29@tc,chicago,student,3,Tutoring Chicago
fun30@tc,chicago,student,3,Tutoring Chicago
fun31@tc,chicago,student,3,Tutoring Chicago
fun32@tc,chicago,student,3,Tutoring Chicago
fun33@tc,chicago,student,3,Tutoring Chicago
fun34@tc,chicago,student,3,Tutoring Chicago
fun35@tc,chicago,student,3,Tutoring Chicago
fun36@tc,chicago,student,3,Tutoring Chicago
fun37@tc,chicago,student,3,Tutoring Chicago
fun38@tc,chicago,student,3,Tutoring Chicago
fun39@tc,chicago,student,3,Tutoring Chicago
fun40@tc,chicago,student,3,Tutoring Chicago
fun41@tc,chicago,student,3,Tutoring Chicago
fun42@tc,chicago,student,3,Tutoring Chicago
fun43@tc,chicago,student,3,Tutoring Chicago
fun44@tc,chicago,student,3,Tutoring Chicago
fun45@tc,chicago,student,3,Tutoring Chicago
fun46@tc,chicago,student,3,Tutoring Chicago
fun47@tc,chicago,student,3,Tutoring Chicago
fun48@tc,chicago,student,3,Tutoring Chicago
fun49@tc,chicago,student,3,Tutoring Chicago
fun50@tc,chicago,student,3,Tutoring Chicago
fun51@tc,chicago,student,3,Tutoring Chicago
fun52@tc,chicago,student,3,Tutoring Chicago
fun53@tc,chicago,student,3,Tutoring Chicago
fun54@tc,chicago,student,3,Tutoring Chicago
fun55@tc,chicago,student,3,Tutoring Chicago
fun56@tc,chicago,student,3,Tutoring Chicago
fun57@tc,chicago,student,3,Tutoring Chicago
fun58@tc,chicago,student,3,Tutoring Chicago
fun59@tc,chicago,student,3,Tutoring Chicago
fun60@tc,chicago,student,3,Tutoring Chicago
fun61@tc,chicago,student,3,Tutoring Chicago
fun62@tc,chicago,student,3,Tutoring Chicago
fun63@tc,chicago,student,3,Tutoring Chicago
fun64@tc,chicago,student,3,Tutoring Chicago
fun65@tc,chicago,student,3,Tutoring Chicago
fun66@tc,chicago,student,3,Tutoring Chicago
fun67@tc,chicago,student,3,Tutoring Chicago
fun68@tc,chicago,student,3,Tutoring Chicago
fun69@tc,chicago,student,3,Tutoring Chicago
fun70@tc,chicago,student,3,Tutoring Chicago
fun71@tc,chicago,student,3,Tutoring Chicago
fun72@tc,chicago,student,3,Tutoring Chicago
fun73@tc,chicago,student,3,Tutoring Chicago
fun74@tc,chicago,student,3,Tutoring Chicago
fun75@tc,chicago,student,3,Tutoring Chicago
fun76@tc,chicago,student,3,Tutoring Chicago
fun77@tc,chicago,student,3,Tutoring Chicago
fun78@tc,chicago,student,3,Tutoring Chicago
fun79@tc,chicago,student,3,Tutoring Chicago
fun80@tc,chicago,student,3,Tutoring Chicago
fun81@tc,chicago,student,3,Tutoring Chicago
fun82@tc,chicago,student,3,Tutoring Chicago
fun83@tc,chicago,student,3,Tutoring Chicago
fun84@tc,chicago,student,3,Tutoring Chicago
fun85@tc,chicago,student,3,Tutoring Chicago
fun86@tc,chicago,student,3,Tutoring Chicago
fun87@tc,chicago,student,3,Tutoring Chicago
fun88@tc,chicago,student,3,Tutoring Chicago
fun89@tc,chicago,student,3,Tutoring Chicago
fun90@tc,chicago,student,3,Tutoring Chicago
fun91@tc,chicago,student,3,Tutoring Chicago
fun92@tc,chicago,student,3,Tutoring Chicago
fun93@tc,chicago,student,3,Tutoring Chicago
fun94@tc,chicago,student,3,Tutoring Chicago
fun95@tc,chicago,student,3,Tutoring Chicago
fun96@tc,chicago,student,3,Tutoring Chicago
fun97@tc,chicago,student,3,Tutoring Chicago
fun98@tc,chicago,student,3,Tutoring Chicago
fun99@tc,chicago,student,3,Tutoring Chicago
